Subject,Red-Team Dimension,Weakness Count,Critical Issues,High Issues,Weaknesses Detail,Overall Recommendation,Rewritten Sections,Error
"STRUCTURAL INTEGRITY: Analyze whether the prompt's architecture (Goal→Requirements→Deliverable→Verification for Manus; XML tags for Grok/Gemini; single-question for Perplexity) follows each platform's native DNA perfectly. Check for anti-pattern violations, missing sections, incorrect ordering, and structural inconsistencies. Does the Manus prompt tell the AI HOW to think (anti-pattern)? Does the Grok prompt lack proper agent routing? Does the Perplexity prompt contain multi-part questions (anti-pattern)? Does the Gemini prompt bury instructions or mix XML with Markdown?",Structural Integrity,5,2,2,"1. [HIGH] Manus Prompt - Prescriptive Tasking: The `Requirements` section uses a numbered list, which implicitly dictates the sequence of execution. This is a structural anti-pattern for Manus, which should be given a goal and constraints, not a procedural script. The AI should determine the optimal path to the goal. | FIX: Rephrase the `Requirements` as a set of declarative goals or areas of focus, removing the numbered list to avoid implying a specific order of operations.
2. [MEDIUM] Manus Prompt - Overly Rigid Deliverable Structure: The `Deliverable` section specifies a rigid, numbered structure for the final document. While providing guidance is useful, this level of prescription can limit the AI's ability to organize the information for maximum impact and clarity based on the findings. | FIX: Suggest a set of key sections to include in the deliverable but allow the AI to determine the final structure and flow of the document.
3. [CRITICAL] Grok Prompt - Procedural Tasking: The `<task>` block contains a numbered list of steps. This is a major anti-pattern for Grok, which expects a single, high-level directive. The current structure forces it into a procedural mindset, undermining its ability to leverage its parallel agent architecture effectively. | FIX: Consolidate the numbered list into a single, concise instruction that defines the overall objective.
4. [CRITICAL] Perplexity Prompt - Multi-Question Query: The prompt combines multiple distinct questions into a single query. This is a critical anti-pattern for Perplexity, which is optimized for answering a single, focused question. The current structure confuses the model and leads to incomplete or poorly structured answers. | FIX: Split the query into a single, primary question that encapsulates the core information need.
5. [HIGH] Gemini Prompt - Mixed-Syntax Instructions: The `<final_instruction>` tag contains a mix of natural language and what appears to be an attempt at a structured command (""Think step-by-step""). This ambiguity and mixing of syntaxes can confuse the model and degrade the quality of the output. | FIX: Use clear, direct language within the XML tags, avoiding meta-instructions or mixed syntaxes. The instructions should be consistent with the overall XML structure.","To enhance structural integrity, each prompt must be tailored to the specific architecture of the target AI platform. For Manus, this means providing a clear goal and constraints rather than a procedural checklist. For Grok and Perplexity, it requires consolidating tasks into a single, high-level directive or question, avoiding multi-step instructions that create anti-patterns. Finally, Gemini prompts should maintain syntactic consistency, using clear, direct language within XML tags to prevent parsing ambiguity.",/home/ubuntu/rewritten_sections/0_XC1pjQexNFhUsSOLxp1Fbv_1774432095233_na1fn_L2hvbWUvdWJ1bnR1L3Jld3JpdHRlbl9zZWN0aW9ucw.md,
OSINT DEPTH AND CHAINING: Analyze whether the OSINT instructions are sophisticated enough for a real investigation. Check: Are alternate company spellings exhaustive? Are maritime databases correctly specified with the right search parameters? Is there a chaining strategy (use output of search A as input to search B)? Are there pivoting techniques (company→director→other companies→vessels)? Are there specific field names to search in each database? Is the OSINT methodology structured as a decision tree rather than a flat list?,OSINT Depth and Chaining,4,1,3,"1. [CRITICAL] Flat, Non-Chained Investigation: The prompt outlines OSINT tasks as a simple checklist, failing to create a chained workflow where the output of one search becomes the input for the next. This prevents the discovery of non-obvious connections, such as a director's other business interests. | FIX: Replace the `OSINT Company Intelligence` and `OSINT Person Intelligence` sections with a multi-step `OSINT Investigation Workflow` that enforces a sequential, pivoting methodology.
2. [HIGH] Incomplete Company Name Permutations: The prompt provides only two alternative spellings for ""Minecore"". This is far too limited and will fail to uncover corporate entities registered with common suffixes or slight variations, a common practice for creating complex corporate structures. | FIX: Instruct the agent to dynamically generate and search for additional permutations using a list of common corporate suffixes (e.g., `Ltd`, `DMCC`, `Logistics`).
3. [HIGH] Vague Database Search Instructions: The instruction to ""search maritime databases"" is ambiguous. It doesn't specify which search parameters or fields to use in different databases (e.g., Equasis, MarineTraffic), leading to inefficient and superficial queries that will miss critical vessel ownership or management data. | FIX: Specify the exact database and the corresponding search field to use, such as searching by `Company Name` and `Manager Name` in Equasis, to ensure targeted and effective data retrieval.
4. [HIGH] Lack of Pivoting Instructions: The prompt fails to explicitly instruct the AI to pivot from one piece of information to another. For example, it does not direct the AI to take a director identified from a corporate registry search and then run new searches on that director's name to find other associated companies. | FIX: Add a dedicated ""Director Pivoting"" step that explicitly commands the AI to use the names of identified directors as new search inputs to uncover hidden corporate networks.","The fundamental weakness is treating OSINT as a flat checklist rather than a dynamic, chained investigation. To fix this, the prompt must be restructured into a sequential, multi-step workflow. This workflow should explicitly define how to pivot from one piece of data (e.g., a company name) to find new data points (e.g., directors), and then use those new data points as inputs for the subsequent steps (e.g., searching for the directors' other companies).",/home/ubuntu/rewritten_sections/1_49xYCDdHbcHvbZYmJ9dygs_1774432044578_na1fn_L2hvbWUvdWJ1bnR1L3Jld3JpdHRlbl9zZWN0aW9ucw.md,
PERSUASION ARCHITECTURE: Analyze whether the prompt will produce output that actually convinces a skeptical 63-year-old businessman who believes nothing will go wrong. Check: Does it specify cognitive bias countering techniques? Does it use loss aversion framing? Does it reference comparable cases of businessmen who lost everything by waiting? Does it specify the emotional vs. logical balance? Does it instruct the AI to use the father's own business logic against his complacency? Is the 'Illusion of Safety' section structured as a Socratic argument rather than a lecture?,Persuasion Architecture,4,1,2,"1. [CRITICAL] The prompt fails to explicitly command the use of **Loss Aversion**, the single most powerful persuasive lever for a business owner. It mentions risks but doesn't instruct the AI to frame them as concrete, personal losses. The output will be a generic risk report, not a compelling case for action. | FIX: Add a constraint: `Frame all risks in terms of concrete, personal losses for the owner (e.g., 'a 40% reduction in your family\'s net worth,' 'the seizure of the Dubai apartment your son was promised,' 'the collapse of the business you spent 30 years building').`
2. [HIGH] The prompt identifies the target's skepticism but fails to instruct the AI to use a specific, effective rhetorical strategy to overcome it. The instruction to be `persuasive` is too vague and will likely result in a dry, lecture-style report that the target will ignore. | FIX: Modify the 'Illusion of Safety' section requirement: `Structure this section as a Socratic argument. Ask rhetorical questions that use the owner's own business logic to lead him to the conclusion that his current position is unsafe (e.g., 'Would you advise a competitor to bet their entire family fortune on the stability of a single shipping lane?').`
3. [HIGH] The prompt doesn't explicitly name the cognitive biases at play (Normalcy Bias, Optimism Bias, Status Quo Bias). By not instructing the AI to identify and systematically dismantle these specific psychological barriers, the persuasive impact will be significantly weakened. | FIX: Add a requirement: `Directly address the target's likely cognitive biases. For each risk, explicitly counter the Normalcy Bias (this time is different), Optimism Bias (the worst-case scenario is more likely than you think), and Status Quo Bias (inaction is a decision with its own severe risks).`
4. [MEDIUM] The prompt requests `specific precedents` but doesn't specify that they should be emotionally resonant and directly comparable to the target's situation. Generic case studies of large corporations will be easily dismissed. The AI needs to find stories of *individuals* like the target. | FIX: Refine the precedents requirement: `Include 2-3 specific, cited precedents of individual business owners (not large corporations) in similar geopolitical situations who lost significant assets due to inaction. Focus on the personal stories and financial outcomes.`","To eliminate this class of weakness, the prompt must be restructured to explicitly command the use of established persuasive techniques. Instead of generic instructions like 'be persuasive,' it must specify the exact psychological levers to pull, such as framing risks as direct personal losses (Loss Aversion), using Socratic argumentation to dismantle skepticism, and systematically countering named cognitive biases (e.g., Normalcy, Optimism). This transforms the task from generating a report to architecting a compelling, psychologically-informed argument for a specific, resistant individual.",/home/ubuntu/rewritten_sections/2_ynqLfkTy597faRR2vLiN7Q_1774432046325_na1fn_L2hvbWUvdWJ1bnR1L3Jld3JpdHRlbl9zZWN0aW9ucw.md,
"TEMPORAL PRECISION AND FORECASTING: Analyze whether the risk trajectory framework is rigorous enough. Check: Are the 5 timeframes properly differentiated or do they blur together? Are the 4 dimensions (cost of living, quality of life, political reprisals, loss of assets) precisely defined with measurable indicators? Is there a methodology specified for how the AI should generate forecasts (scenario analysis, trend extrapolation, expert consensus)? Are confidence intervals or probability ranges requested? Is there a distinction between base case, worst case, and best case scenarios?",Temporal Precision and Forecasting,4,2,2,"1. [CRITICAL] Undefined Forecasting Methodology: The prompt requests a ""Geopolitical Risk Forecast"" and ""Risk Trajectory Forecast"" but fails to specify any methodology for generating these forecasts. It does not ask for scenario analysis (best/worst/base case), trend extrapolation, or the use of confidence intervals. This encourages the AI to produce speculative, low-rigor predictions that appear authoritative but lack an analytical foundation. | FIX: Replace the generic forecasting requirement with a structured, multi-scenario framework. The new instruction should be: ""4. Geopolitical Risk Forecast (Scenario Analysis): For the 1-month, 6-month, and 1-year horizons, generate three distinct scenarios: a Base Case (most likely), a Worst Case (severe escalation), and a Best Case (rapid de-escalation). For each scenario and timeframe, assess the trajectory of the following Key Risk Indicators (KRIs), including a confidence level (High/Medium/Low) for each projection.""
2. [CRITICAL] Imprecise and Unmeasurable Risk Dimensions: The prompt uses vague, qualitative dimensions for its forecast: ""cost of living, quality of life, political reprisals, and loss of assets."" These terms are subjective and not tied to any concrete, verifiable metrics, making the resulting forecast impossible to validate and of little practical use for decision-making. | FIX: Replace the four vague dimensions with a list of specific, measurable Key Risk Indicators (KRIs). The new instruction should be: ""The forecast must track these KRIs: a) Economic Stability: Dubai CPI, Brent Crude price, War Risk Insurance premium rates for Hormuz. b) Asset Security: Dubai Property Index, USD/AED peg stability, Indian Rupee exchange rate. c) Logistical Freedom: Number of weekly vessel detentions in Hormuz, air cargo capacity availability from DXB, India-UAE capital repatriation processing times.""
3. [HIGH] Blurring of Timeframes: The prompt lists five timeframes (1 week, 1 month, 3 months, 6 months, 1 year) without differentiating the analytical approach for each. A 1-week forecast should rely on tactical, high-frequency data, while a 1-year forecast requires strategic trend analysis. Without this guidance, an AI is likely to produce generic statements that are superficially applied to all timeframes. | FIX: Explicitly define the analytical focus for different temporal horizons. The new instruction should be: ""For the forecast, use the following analytical lenses: a) Short-Term (1 week, 1 month): Focus on tactical indicators like vessel movements, insurance spot prices, and official government/military announcements. b) Medium-Term (3-6 months): Focus on shifts in trade flows, corporate earnings warnings, and changes in diplomatic postures. c) Long-Term (1 year): Focus on structural economic changes, new military doctrines, and potential for 'black swan' events.""
4. [HIGH] Lack of Confidence Scoring: The prompt asks for an ""unbiased analysis"" and ""trajectory"" but does not require the AI to state its confidence in its own predictions. This creates a false impression of certainty and fails to communicate the inherent uncertainty of geopolitical forecasting to the end-user, which is a critical flaw for any risk assessment. | FIX: Mandate the inclusion of confidence levels for all forward-looking statements. This was integrated into the fix for Weakness #1, but can be stated as a standalone principle: ""For every projection made under the Scenario Analysis, assign a qualitative confidence level (High, Medium, Low) representing the probability and reliability of the underlying data.""","To eliminate this entire class of weakness, the prompt must be restructured to enforce a rigorous, quantitative forecasting framework. Instead of requesting a generic ""forecast,"" it must mandate a multi-scenario analysis (Base, Worst, Best Case) tied to specific, measurable Key Risk Indicators (KRIs) rather than vague concepts like ""quality of life."" Furthermore, the prompt must require the AI to differentiate its analytical approach across short, medium, and long-term timeframes and assign a confidence level to every forward-looking projection to properly contextualize the uncertainty involved.",/home/ubuntu/rewritten_sections/3_6Jz35iNvAcfRwDSfniugmD_1774432052990_na1fn_L2hvbWUvdWJ1bnR1L3Jld3JpdHRlbl9zZWN0aW9ucw.md,
"ANTI-HALLUCINATION AND VERIFICATION: Analyze whether the prompt has sufficient guardrails against hallucination, fabrication, and false confidence. Check: Does it require the AI to distinguish between verified facts and speculation? Does it mandate source citation for every major claim? Does it require the AI to flag information gaps explicitly? Does it prevent the AI from inventing company details, vessel names, or financial data? Is there a verification step that catches circular reasoning? Does it handle the case where OSINT searches return no results?",Anti-hallucination and Verification,4,2,2,"1. [CRITICAL] No Explicit Protocol for Zero-Result Searches: The prompt directs the AI to find specific information but fails to provide a clear procedure for when OSINT searches yield no results, creating a high risk of hallucination. | FIX: Add a global constraint: ""If any OSINT search query returns zero results or results that cannot be definitively linked to the subject, you MUST state this explicitly in the OSINT Appendix under a dedicated 'Negative Findings' subsection. Do not infer, speculate, or otherwise fill information gaps. The absence of public records is a significant finding and must be reported as such.""
2. [CRITICAL] No Explicit Prohibition on Inventing Details: The prompt lacks a direct, prohibitive command against fabricating specifics if a search is inconclusive, leading to a high risk of the AI inventing false information. | FIX: Add a new, unambiguous negative constraint: ""You are explicitly forbidden from inventing, fabricating, or assuming any specific details not directly supported by a cited source. This includes, but is not limited to, vessel IMO numbers, corporate registration data, financial figures, or personal affiliations. Every data point must be attributable.""
3. [HIGH] Implicit Verification Instead of an Explicit Command: The prompt relies on a post-processing checklist for verification, which is less effective than an integrated, in-process command to verify information as it is synthesized. | FIX: Replace the post-hoc `Verification` section with a direct, in-process command: ""3. Data Synthesis and Verification: After completing all OSINT gathering, synthesize the findings. For each specific fact, name, or number you include, you MUST perform a final, targeted verification search to confirm its accuracy before writing it in the report. If a detail cannot be re-verified, it must be omitted and listed as an 'Information Gap' in the appendix.""
4. [HIGH] Failure to Distinguish Between Fact and Analysis: The prompt asks for both OSINT intelligence and analysis without enforcing a structural separation, allowing the AI to present interpretations with the same weight as verified facts. | FIX: Mandate a clear structural separation in the deliverable's format: ""In Section 2, 'Geopolitical Landscape and Maritime Crisis', you must create two distinct subsections: '2.1. Verified Factual Findings', containing only bullet-pointed facts with individual citations, and '2.2. Analyst Assessment', containing your interpretation, synthesis, and forecasting based on the preceding facts. This second subsection must be clearly labeled as analysis.""","The fundamental weakness is that the prompt requests accuracy but does not command a process that ensures it. To eliminate this entire class of weakness, the prompt must be restructured from a passive checklist to an active, procedural workflow. It should explicitly command the AI to (1) report negative search results as a finding, (2) perform targeted re-verification of every claim before inclusion, and (3) structurally segregate verifiable facts from analytical interpretations in the final output.",/home/ubuntu/rewritten_sections/4_aZ7wtoxWM9jHoPd9mzmFg3_1774432039724_na1fn_L2hvbWUvdWJ1bnR1L3Jld3JpdHRlbl9zZWN0aW9ucw.md,
"CROSS-PLATFORM CONSISTENCY: Analyze whether all 4 platform variants (Manus, Grok, Perplexity, Gemini) are asking for the same core analysis or if critical elements are lost in translation. Check: Does the Grok variant capture the personal asset protection dimension? Does the Perplexity variant lose the Indian passport holder risk angle? Does the Gemini variant include the OSINT company investigation? Are the mitigation strategies equally detailed across all variants? Is there a recommended execution ORDER across platforms (which to run first)?",CROSS-PLATFORM CONSISTENCY,5,1,2,"1. [CRITICAL] The Perplexity prompt is too narrowly focused on the maritime crisis. It completely omits the personal risk dimensions for the Indian passport holder and the need for personal asset protection strategies. This is a critical failure, as the original prompt's intent is a holistic risk assessment for the individual, not just his company. | FIX: What are the specific impacts of the 2026 Strait of Hormuz crisis on Dubai-based raw material shipping companies, AND what are the specific risks for Indian nationals with assets in Dubai (regulatory, legal, financial)?
2. [HIGH] The Grok prompt mentions ""Indian nationals UAE asset risks"" but fails to explicitly request personal asset protection strategies. This is a significant omission, as identifying the risks without providing solutions is only half the job. | FIX: 5. Compile risk mitigation strategies from maritime industry experts for both corporate operations and personal asset protection.
3. [HIGH] Both the Gemini and Grok prompts completely omit the OSINT investigation into ""Minecore"". This is a major weakness because understanding the company's structure, assets, and history is fundamental to a thorough risk assessment. | FIX: For Grok: <task> 1. Conduct OSINT on ""Minecore"" (and variants) for corporate structure and vessel data. 2. Aggregate real-time sentiment on Dubai safety from expat communities... For Gemini: <task> 1. Conduct OSINT on ""Minecore"" (and variants) for corporate structure and vessel data. 2. Current status of the Strait of Hormuz for commercial shipping...
4. [MEDIUM] The prompts are presented as isolated variants, but they are complementary. The analysis would be far more powerful if there was a recommended execution order. | FIX: Add a new section to the main prompt: ""## Recommended Execution Order
1. **Manus:** Execute first to establish a baseline of OSINT facts about the company and individual.
2. **Grok:** Execute second to get real-time sentiment and news.
3. **Gemini:** Execute third for a deep, evidence-based analysis.
4. **Perplexity:** Execute last for a focused search on specific, unresolved questions.""
5. [MEDIUM] The level of detail required for mitigation strategies is inconsistent across the platforms. Manus and Gemini ask for detailed, actionable steps, while Grok is more vague, and Perplexity doesn't ask for them at all. | FIX: Ensure all prompts that request mitigation strategies use the language: ""Provide concrete, actionable mitigation steps...""","To eliminate this class of weakness, the prompts should be treated as a cohesive, multi-stage workflow. A 'master' prompt should define the core requirements, and each platform-specific variant should be a tailored execution of a part of that master plan, with a clear handoff between them. This ensures all critical dimensions of the analysis are covered consistently.",/home/ubuntu/rewritten_sections/5_Nhi8qZ0nuQZEQIEEfzQgc6_1774432057357_na1fn_L2hvbWUvdWJ1bnR1L3Jld3JpdHRlbl9zZWN0aW9ucw.md,
"ACTIONABILITY AND SPECIFICITY: Analyze whether the mitigation strategies section will produce genuinely actionable output or generic consulting advice. Check: Does it specify exact legal entities to contact (DIFC Wills Service Centre, specific insurance brokers)? Does it include cost estimates or at least order-of-magnitude ranges? Does it specify decision deadlines with consequences of delay? Does it include a decision tree (if X happens, do Y; if Z happens, do W)? Does it distinguish between actions the father can take TODAY vs. actions requiring professional help?",ACTIONABILITY AND SPECIFICITY,4,1,3,"1. [CRITICAL] The prompt's request for ""exact, numbered steps"" is too generic and likely to result in vague advice like ""consult a lawyer."" It fails to demand specific, verifiable details that would make the advice actionable. | FIX: Replace the existing ""Mitigation Strategy"" requirement with:
> **6. Actionable Mitigation Blueprint:** Produce a detailed, two-part mitigation plan. Each step must be concrete, specifying entities, costs, and timelines.
>    - **Corporate Operations:**
>        - **Insurance:** Identify 2-3 specific war risk insurance brokers in Dubai or London (e.g., Marsh, Willis Towers Watson) and the estimated premium increase (e.g., 0.5% to 2% of hull value).
>        - **Legal:** Name a specific maritime law firm in Dubai (e.g., HFW, Clyde & Co) to contact for reviewing force majeure clauses.
>        - **Logistics:** Detail the exact steps and costs for rerouting to Jebel Ali or Khalifa Port, including specific logistics providers to contact.
>    - **Personal Asset & Residency Strategy:**
>        - **Estate Planning:** Specify contacting the DIFC Wills Service Centre for creating a will to protect UAE assets from local inheritance laws. Provide estimated costs (e.g., AED 10,000 - 20,000).
>        - **Jurisdictional Diversification:** Outline the process for obtaining a second residency, such as the Portugal Golden Visa, including specific advisory firms (e.g., Henley & Partners), investment amounts, and timelines.
2. [HIGH] The prompt fails to require any cost estimates, timelines, or deadlines for the mitigation steps. This lack of financial and temporal context makes it difficult for the user to prioritize actions and creates a false sense of security. | FIX: Add the following to the ""Actionable Mitigation Blueprint"" section:
> - **Decision Timeline & Consequences:** For each mitigation step, provide a ""Decide By"" date (e.g., ""Decide by April 15, 2026"") and state the specific negative consequence of missing that deadline (e.g., ""Failure to secure new insurance by this date may result in vessels being unable to leave port, incurring daily losses of $25,000 per vessel"").
3. [HIGH] The prompt doesn't ask for a decision-making tool to help the skeptical user navigate the complex choices. A simple list of recommendations is less persuasive than a clear framework that shows the logical flow of decisions. | FIX: Add a new requirement to the ""Deliverable"" section:
> - **Decision Tree Graphic:** Include a simple decision tree diagram visualizing the key choices (e.g., ""Relocate assets now vs. Wait 3 months""), the likely outcomes of each choice, and the recommended path. This should be a simple text-based or markdown-based flowchart.
4. [HIGH] The prompt fails to distinguish between actions the owner can take immediately and personally versus those that require engaging external professionals. This ambiguity can lead to inaction, as the user may not know where to start. | FIX: Add the following instruction to the ""Actionable Mitigation Blueprint"" section:
> - **Categorize Actions:** Clearly label each mitigation step as either **""Owner Action (Today)""** for tasks Haseeb Rahman can perform himself immediately (e.g., gathering documents) or **""Professional Engagement""** for tasks requiring a lawyer, broker, or consultant.","To eliminate this class of weakness, the prompt must be restructured to demand a comprehensive 'Actionable Mitigation Blueprint' instead of just 'strategies'. This blueprint must require the inclusion of specific, verifiable details such as named legal and financial entities, cost estimations, decision deadlines with consequences, and a clear decision-making framework like a decision tree. This forces the AI to move beyond generic advice and produce a genuinely useful and persuasive tool for the end-user.",/home/ubuntu/rewritten_sections.md,
"COMPLETENESS AND MISSING DIMENSIONS: Analyze what the prompt FAILS to ask for that a real geopolitical risk consultant would include. Check: Does it address currency risk (AED peg to USD stability)? Does it address supply chain alternatives beyond Oman? Does it address the family's Indian assets (are they at risk too)? Does it address digital security (email, banking access during crisis)? Does it address the psychological dimension (how to have the conversation with the father)? Does it address insurance for the Dubai properties, not just the ships? Does it address tax implications of asset transfers?",Completeness and Missing Dimensions,5,2,3,"1. [CRITICAL] Failure to Address Financial System Stability: The prompt completely ignores the financial stability of the UAE, specifically the AED's peg to the USD. A regional crisis could pressure this peg, introducing significant currency risk to the owner's AED-denominated assets. | FIX: Add a requirement to the ""Geopolitical Risk Forecast"" section: ""Assess the stability of the AED-USD peg and the risk of capital controls being imposed in the UAE.""
2. [CRITICAL] Neglect of Digital and Personal Security: The prompt fails to address critical digital security and personal access issues that arise during a crisis. If the owner needs to leave Dubai, access to digital banking, email, and other online accounts is paramount. | FIX: Add a new requirement: ""Digital Security and Access: Formulate a plan to ensure continuous access to critical digital infrastructure (banking, email, secure communication) and personal documents in a crisis scenario.""
3. [HIGH] Overlooking the Psychological Dimension of Risk Communication: While the prompt asks for a ""persuasive"" document, it fails to address the human element of convincing a skeptical family member. It treats it as a pure data-delivery problem, ignoring the psychological and relational dynamics. | FIX: Add to the ""Mitigation Strategy"" section: ""Develop a communication strategy for presenting these findings to the skeptical owner, including talking points and a recommended approach for the conversation.""
4. [HIGH] Incomplete Asset Risk Analysis: The prompt mentions assets in India and Dubai but fails to request a specific risk assessment for them. The analysis is too focused on maritime and geopolitical risks, neglecting property insurance, and the specific vulnerabilities of the Indian assets. | FIX: Expand the ""Mitigation Strategy"" to include: ""Conduct a detailed risk assessment of all personal assets, including Dubai properties (requiring proof of all-risk insurance) and Indian assets (assessing for political and economic risks within India).""
5. [HIGH] Ignoring Critical Tax and Legal Implications: The prompt calls for asset diversification and transfers without considering the significant tax and legal consequences. Moving assets across jurisdictions without proper planning can trigger massive tax liabilities and legal complications. | FIX: Add a new requirement: ""Tax and Legal Implications: Analyze the tax and legal consequences of all proposed mitigation strategies, particularly asset transfers and jurisdictional diversification, for both Indian and UAE law.""","The prompt's primary failure is its narrow focus on immediate maritime and geopolitical threats, neglecting the interconnected financial, legal, digital, and human systems that are equally critical in a crisis. To fix this, the prompt must be restructured to adopt a holistic, multi-domain risk perspective. This involves adding specific requirements that force the AI to analyze currency stability, digital security, tax implications, and the psychological aspects of risk communication, ensuring a truly comprehensive and actionable assessment.",/home/ubuntu/rewritten_sections/7_pQ2o4bGZQRkO7evtYDJuzH_1774432043848_na1fn_L2hvbWUvdWJ1bnR1L3Jld3JpdHRlbl9zZWN0aW9ucw.md,
